{
  "$anchor": "gmcq-course",
  "$schema": "https://json-schema.org/draft/2020-12/schema",
  "type": "object",
  "$patch": {
    "source": {
      "$ref": "course"
    },
    "with": {
      "properties": {
        "_globals": {
          "type": "object",
          "default": {},
          "properties": {
            "_gmcq": {
              "type": "object",
              "default": {},
              "properties": {
                "ariaRegion": {
                  "type": "string",
                  "title": "ARIA region",
                  "default": "Multiple choice question",
                  "_adapt": {
                    "translatable": true
                  }
                }
              }
            }
          }
        }
      }
    }
  }
}
